method,selected,dev_macro_f1,test_accuracy,test_ap,test_f1_cb,test_fn,test_fp,test_macro_f1,test_n_cb,test_n_non_cb,test_n_sessions,test_precision_cb,test_recall_cb,test_roc_auc,test_tn,test_tp,topic_npmi,topic_topic_diversity,topic_coverage,topic_n_topics,topic_degenerate_topic_fraction,evidence_comment_ap,evidence_hit_rate_at_3,evidence_mean_recall_at_3,evidence_n_labeled_messages,evidence_n_sessions_with_positive_comments,train_seconds,inference_all_seconds,inference_test_seconds,peak_rss_bytes,model_bytes,formal_fit_attempts,risk_classifier_fit_count,topic_fit_seconds,risk_fit_seconds,preparation_seconds,train_encoding_cold_seconds,train_encoding_cached_seconds,train_encoder_load_seconds,inference_encoding_counters_available,bertopic_training_noise_fraction,model_sha256,binding_sha256,external_encoder_bytes,external_runtime_bytes,shared_embedding_cache_bytes,external_asset_sources,known_deployed_disk_bytes,inference_encoding_cold_seconds,inference_encoding_cached_seconds,inference_encoder_load_seconds,inference_encoded_texts,inference_cached_texts,test_macro_f1_ci_low,test_macro_f1_ci_high
lda,False,0.7146853146853147,0.8333333333333334,0.8987006540333994,0.8214285714285714,7,3,0.8325892857142857,30,30,60,0.8846153846153846,0.7666666666666667,0.9,27,23,-0.28174289999861873,0.5125,0.5437710437710438,32,0.0,0.32042431246535,0.5681818181818182,0.06974635400930082,3564,44,176.27874619999784,88.51818029992864,17.514682699969853,350437376,6845123,1,4,120.9964261999994,0.051279300001624506,0.1523869999946328,,,,True,,994d8bff87165e77139bf0eb28cdcd3c07c83861a8218c586f980bea13fcbc25,f7d8965a78e26029f66c0873aa96bdeb65a9cabe914abc280d377f179ab69b23,0,0,0,[],6845123,0,0,0,0,0,0.7321428571428572,0.9164578111946533
btm,False,0.8499583217560434,0.8333333333333334,0.9171380818279222,0.8484848484848485,2,8,0.8316498316498316,30,30,60,0.7777777777777778,0.9333333333333333,0.9188888888888889,22,28,-0.2539000577296997,0.484375,0.10072951739618406,32,0.0,0.36431885570290756,0.5227272727272727,0.05124214626888424,3564,44,356.97069460000057,375.73900940011663,75.67771460003132,346845184,2854660,1,4,61.73243199999706,0.11914899999828776,0.167840599999181,,,,True,,3ca27d56cc14d27ad1642cf6fa8f72e4cbf46031e99d3cda4537cb8df329a367,a5c3ec0af6874a052babd66c32a608c91a8c316663102c420f0f94e02aae5f5f,0,0,0,[],2854660,0,0,0,0,0,0.7413049726933026,0.9166435120866907
gsdmm,False,0.8141368628555337,0.75,0.8877842564421848,0.6808510638297872,14,1,0.7376858058874963,30,30,60,0.9411764705882353,0.5333333333333333,0.8944444444444444,29,16,-0.24636198925250993,0.40625,0.9424803591470258,32,0.0,0.309469222276145,0.5227272727272727,0.06811249138120798,3564,44,54.61118909999641,64.18927000000986,12.562548199995945,474394624,1876867,1,4,11.356126099999528,0.055475399996794295,0.14936219999799505,,,,True,,e97c8feab5e2341620104eec7866305d72a65a40cdd8acf6b64a3bfbb148b824,58257487fe30ce1308534286fcd144b84806cb09212d614fe4c6af834c3e7855,0,317546460,0,"[""D:\\github\\intern\\cst_mil\\benchmark\\tools\\jdk-17.0.20.1+1""]",319423327,0,0,0,0,0,0.6266666666666667,0.8465473145780051
nmf,False,0.8333333333333334,0.8333333333333334,0.9185676412635577,0.8148148148148148,8,2,0.8316498316498316,30,30,60,0.9166666666666666,0.7333333333333333,0.9299999999999999,28,22,-0.7065019275690638,0.91875,0.8644781144781145,32,0.0,0.4040552411225854,0.6363636363636364,0.05856478352467658,3564,44,12.502424399994197,23.14658159998362,4.464251500023238,337166336,8085219,1,4,4.592099000001326,0.04775539999536704,0.14953879999666242,,,,True,,9a6ffe4882e941537d07fc58075643c9f8cc1e7ccb6c63ccad57a8ee7bfe3067,0337da7e91165c989460d8908c9e50e8083a148fca0f5804124bbdee945c4f2d,0,0,0,[],8085219,0,0,0,0,0,0.7376858058874963,0.916083916083916
bertopic,False,0.883300916921367,0.8333333333333334,0.879445833965875,0.8387096774193549,4,6,0.8331479421579533,30,30,60,0.8125,0.8666666666666667,0.8922222222222222,24,26,-0.8725057309842162,0.9038054968287527,0.41919191919191917,95,0.010526315789473684,0.34081948249063715,0.6363636363636364,0.08923558608367221,3564,44,236.83768439999403,158.94430490003288,121.69259200002853,1394176000,29074146,1,4,80.18851059999724,0.059024299996963236,0.14452460000029532,127.72330510000029,32.28798110006028,1.0030075000031502,True,0.3199582027168234,8bc72ae80bca3e5321ba21f2679519fd7322fe4bba2a97f0a14e0fb58a5c6eb6,1fb04e82207822c752770b299f1f203b53b7572466da70ddcca021a1bfeeebbb,499561295,0,13729664,"[""D:\\github\\intern\\benchmark\\models\\paraphrase-multilingual-MiniLM-L12-v2\\benchmark_model_manifest.json""]",528635441,115.08835230000113,14.965080899884924,0.921038899999985,1702,6572,0.7330367074527253,0.9166435120866907
cst_mil_r0,True,0.8666666666666667,0.8333333333333334,0.9057552122644753,0.8148148148148148,8,2,0.8316498316498316,30,30,60,0.9166666666666666,0.7333333333333333,0.9177777777777778,28,22,-0.7065019275690638,0.91875,0.8644781144781145,32,0.0,0.30398187590649917,0.5,0.07096752280048085,3564,44,16.871125099998608,23.495942000037758,4.516019500049879,342720512,8584347,1,16,4.880069099999673,2.765668200001528,0.22746600000391481,,,,True,,4b4c92360d19c7da17ded7fb44b30845d622b7d417fad3fa66c2391cba7c2bf7,295e182a20ac4e7db6909c6211f6fd23e7623c33b5601ba264d8e548e1639d3e,0,0,0,[],8584347,0,0,0,0,0,0.7412144935231575,0.9164624537169542
cst_mil_r1,False,0.8666666666666667,0.85,0.9051877825380976,0.8363636363636363,7,2,0.848951048951049,30,30,60,0.92,0.7666666666666667,0.9222222222222223,28,23,-0.7065019275690638,0.91875,0.8644781144781145,32,0.0,0.34286743630249017,0.5909090909090909,0.09647074135851227,3564,44,23.600082800003293,26.96477129982668,5.521964399966237,357404672,9056089,1,16,4.2809903000015765,9.30783359999623,0.171165400002792,,,,True,,49c19916dcf0b05c606ed574f257fd447a59a4bd4a0183f60882b5e69581ae25,1bb5e45265afbe2c643b8e6fcdafb621133ddd14c9f74736de6c3a4647796150,0,0,0,[],9056089,0,0,0,0,0,0.7569444444444444,0.9332591768631813
cst_mil_r2,False,0.8666666666666667,0.8666666666666667,0.9363747139010765,0.8571428571428571,6,2,0.8660714285714286,30,30,60,0.9230769230769231,0.8,0.9511111111111112,28,24,-0.7020425231155225,0.89375,0.7749719416386083,32,0.0,0.30398187590649917,0.5,0.07096752280048085,3564,44,16.670028600005026,24.760492399975192,4.931421100045554,339755008,8009610,1,16,4.761668200000713,2.3735663999977987,0.1516951999947196,,,,True,,be74d8a5951d47f2e3958a1280f1f70c71ff421a445bcdc10bab7c30c68c0d33,d6c64b30bc3cda8b3ce87801cef89a3acd9341b85104d38bde7ce4e3fc675d09,0,0,0,[],8009610,0,0,0,0,0,0.7757976430008624,0.949874686716792
cst_mil_r3,False,0.8653198653198653,0.8666666666666667,0.9122394607975808,0.8666666666666667,4,4,0.8666666666666667,30,30,60,0.8666666666666667,0.8666666666666667,0.9255555555555556,26,26,-0.7065019275690638,0.91875,0.8664421997755332,32,0.0,0.30398187590649917,0.5,0.07096752280048085,3564,44,21.640297900004953,39.64261409984465,8.3890623999323,339378176,8588948,1,16,4.120649600001343,2.2831044000049587,0.16677469999558525,,,,True,,21a0aed9b285d1536c50fb79b9971ce1d63fd5ca102cfcb87b2602a6bb3a3043,b3265951e31f7a9cad7551cd1dd7e4bf5e198bf1d910202117bd149d6118e2f5,0,0,0,[],8588948,0,0,0,0,0,0.7818181818181819,0.9499861072520144
